Role,Future-Proof Growth Factors,Essential Skills for This Role,Typical tools,AI replaceability risk
Backend Software Engineer,"Every product needs secure and scalable APIs, payments, and integrations across sectors like fintech, health, and logistics.","System design, OOP, data structures, SQL and NoSQL, REST and GraphQL, caching, message queues, testing.","Node.js, Express, Java Spring Boot, Python FastAPI or Django, Go, PostgreSQL, MySQL, MongoDB, Redis, Kafka, Docker, Kubernetes.",Medium
Frontend Engineer,Web remains the main user interface for consumer and enterprise apps. Accessibility and performance are critical.,"TypeScript, accessibility, performance budgets, state management, testing, design systems.","React or Vue or Angular, Next.js, Tailwind, Vite, Vitest, Playwright, Web Vitals.",Medium to High
Mobile App Developer,"Continuous growth of mobile usage, super apps, fintech, and on device AI features.","Kotlin or Swift, Flutter or React Native, offline first sync, app architecture, performance, security.","Android Studio, Xcode, Flutter, Firebase, Realm, SQLite.",Medium
Data Engineer,Data pipelines are the foundation for BI and AI. Companies move to lakehouse and streaming.,"Advanced SQL, Python, data modeling, ETL and ELT, streaming, orchestration, data quality.","Airflow, dbt, Spark, Kafka, Flink, Snowflake, BigQuery, Delta Lake, Great Expectations.",Low to Medium
Machine Learning Engineer,AI features are moving from demo to production across many industries.,"Python, classic ML, deep learning, feature engineering, evaluation, deployment, vector search.","scikit learn, PyTorch, TensorFlow, Hugging Face, ONNX, MLflow, Weights and Biases.",Low to Medium
MLOps Engineer,"Organizations need reliable training, deployment, and monitoring of models at scale.","CI CD for models, feature stores, data and model versioning, monitoring, drift detection.","MLflow, DVC, Feast, Kubeflow, Seldon, Vertex AI, Docker, Kubernetes.",Low
Data Scientist,Product analytics and experimentation drive growth and decisions.,"Statistics, causal inference, A or B testing, SQL, Python, visualization, storytelling.","pandas, NumPy, SciPy, scikit learn, Jupyter, Tableau or Power BI.",Medium
Cybersecurity Analyst or Engineer,"Rising threats, compliance rules, and AI powered attacks increase demand.","Threat modeling, secure coding, network analysis, incident response, red and blue teaming.","Wireshark, Zeek, Suricata, SIEM like Splunk, Burp Suite, Metasploit, OSINT tools.",Low
Cloud and DevOps Engineer,Cloud adoption continues with cost and reliability focus.,"Infrastructure as code, CI CD, container orchestration, observability, FinOps.","AWS or Azure or GCP, Terraform, Ansible, Docker, Kubernetes, Prometheus, Grafana.",Low to Medium
Site Reliability Engineer,Always on digital services need reliability and fast incident response.,"SLI and SLO design, error budgets, incident management, capacity planning, observability.","Prometheus, Grafana, OpenTelemetry, Sentry, PagerDuty, Chaos tools.",Low
Blockchain or Smart Contract Engineer,"Enterprise tokenization, DeFi, and digital identity remain active niches.","Solidity or Rust, contract security, cryptography basics, formal verification.","Hardhat, Foundry, OpenZeppelin, Substrate, Ethers.js, Web3.js.",Low
AR or VR or XR Developer,"Enterprise training, retail try ons, education, and gaming push immersive tech.","Unity or Unreal, C sharp, 3D math, shaders, interaction design, performance.","Unity, Unreal, Blender, ARKit, ARCore, OpenXR.",Medium
IoT Systems Engineer,"Smart industry, agriculture, and cities need secure low power devices and edge AI.","Embedded C or C plus plus, microcontrollers, RTOS, MQTT, edge inference, OTA updates.","ESP32, Arduino, Zephyr, FreeRTOS, AWS IoT, Azure IoT, Node RED.",Low
QA Automation Engineer,Faster release cycles need strong automated testing and quality gates.,"Test strategy, e2e and unit tests, property based tests, performance and security testing.","Selenium, Playwright, Cypress, JUnit, PyTest, Postman, JMeter, k6.",Medium to High
GenAI Application Engineer,"Teams add language model features for search, support, and automation.","LLM prompt design, RAG, evaluation, vector search, security, cost control.","OpenAI or local LLMs, Hugging Face, LangChain or LlamaIndex, FAISS or Pinecone or Weaviate, Guardrails.",Medium
